rank,combined_score,title_score,content_score,filename,title,size_bytes
1,41.0,11,61,yk0ar-wDMXU_transcript.txt,Weekly Trade Recap June 22 (Orderblocks) (trade-reviews),114627
2,33.0,0,55,tHQRrRV1RGo_transcript.txt,November 6th Live Session (live-sessions),42681
3,30.2,11,43,7l8yqcapJ2c_transcript.txt,0921 Weekly Session Order Blocks (trade-reviews),161923
4,23.4,0,39,8I6B2HSH-_0_transcript.txt,[0s] I added one simple trick to my trading,22158
5,22.2,0,37,S2z11bfqLnw_transcript.txt,June 13th Live Session (live-sessions),51815
6,19.8,3,31,kxjuZ9bk-F0_transcript.txt,December 16th Trade Review (-$690 SPY) (trade-reviews),9426
7,19.2,0,32,BdG8dxQ_Hnk_transcript.txt,Live Trading Session April 16th (live-sessions),81950
8,19.2,0,32,s6z3gy5Uh6c_transcript.txt,Weekly Trading Recap August 3rd (trade-reviews),180674
9,19.2,3,30,QSK5MhgR5r8_transcript.txt,January 9th Trade Review (trade-reviews),5232
10,18.6,0,31,JrabwKiuJpg_transcript.txt,Live Trading Session April 26th (live-sessions),38736
11,18.0,3,28,TaAYbe8lt7E_transcript.txt,May 23rd Trade Review ($3.7k NVDA) (trade-reviews),6381
12,17.4,0,29,K_HdP7ALs14_transcript.txt,Live Trading Session May 13th (live-sessions),16199
13,17.4,0,29,UPecCxOwC2Y_transcript.txt,Live Trading Session May 28th (live-sessions),75162
14,17.4,0,29,_CYv86-RoHY_transcript.txt,Live Trading Session May 23rd (live-sessions),52552
15,17.4,3,27,TquD3EV0EHw_transcript.txt,"June 26th + 27th Trade Review ( $7k 2 TSLA, AAPL) (trade-reviews)",8954
16,17.4,3,27,lI15h_OsYxc_transcript.txt,July 19th Trade Review ($1.5k NVDA) (trade-reviews),10171
17,16.8,0,28,-k6ayIaeOzs_transcript.txt,Live Trading Session May 10th (live-sessions),82348
18,16.8,0,28,3o6JJcZoGyw_transcript.txt,Live Trading Session April 30th (live-sessions),30978
19,16.8,3,26,4Amt_V1wnAE_transcript.txt,March 12th Trade Review ($3.9k TSLA) (trade-reviews),7678
20,16.8,3,26,JmOyREca-bM_transcript.txt,January 18th Weekly Recap (trade-reviews),90293
21,16.2,0,27,NNLB7z2W1WY_transcript.txt,June 11th Live Session (live-sessions),33389
22,16.2,3,25,HkxTwWnzzAY_transcript.txt,June 17th Trade Review ($11k TSLA A+ Trade) (trade-reviews),5973
23,16.2,3,25,LY4HpL4kf0w_transcript.txt,September 5th Trade Review ($2.9k AAPL) (trade-reviews),5796
24,16.2,3,25,ngO33mnxhYQ_transcript.txt,August 20th Trade Review ($5k AMD & TSLA) (trade-reviews),12221
25,15.6,0,26,A1out1kXrEc_transcript.txt,June 4th Live Session (live-sessions),30400
26,15.6,0,26,V_87OOIoRGw_transcript.txt,September 13th Live Session (live-sessions),94937
27,15.6,0,26,guSdfcVIRck_transcript.txt,July 23rd (-$1.6k NVDA) (trade-reviews),7437
28,15.6,3,24,DYniybwOBAY_transcript.txt,May 8th Trade Review (NVDA $3k) (trade-reviews),6784
29,15.6,3,24,PBgqlCoAGZk_transcript.txt,February 28th Trade Review (trade-reviews),4472
30,15.6,3,24,S7aerujfxtk_transcript.txt,March 6th Trade Review (-$4.6k TSLA) (trade-reviews),7106
31,15.6,3,24,eJPQc_x9Ca8_transcript.txt,February 2nd Trade Review (trade-reviews),4610
32,15.6,3,24,lJwLmX7kB3g_transcript.txt,March 14th Trade Review ($450 NVDA) (trade-reviews),5857
33,15.6,3,24,leLDZzyTNPs_transcript.txt,[0s] Trading with the trend is one of the,28127
34,15.0,0,25,8L2MWHToN_E_transcript.txt,Live Trading Session April 24th (live-sessions),86624
35,15.0,0,25,F-KV40YE4Nc_transcript.txt,April 7th Live Session (live-sessions),80681
36,15.0,0,25,XIe0XxNnV90_transcript.txt,December 6th Live Session (live-sessions),73914
37,15.0,3,23,TFHJk8_y8RI_transcript.txt,November 12th Trade Review ($6.6k NVDA) (trade-reviews),5734
38,15.0,3,23,Xc1P02mCPco_transcript.txt,March 24 & 25 Trade Review ($14k TSLA + AAPL) (trade-reviews),7955
39,15.0,3,23,adk8ywqcQww_transcript.txt,April 11th Trade Review (-$1100 NVDA) (trade-reviews),8483
40,14.4,0,24,RECUUQZymbo_transcript.txt,June 25th Live Session (live-sessions),56468
41,14.4,0,24,U9l_3UwDQI8_transcript.txt,Live Trading Session May 2nd (live-sessions),83359
42,14.4,0,24,qsspPphDiPE_transcript.txt,August 13th Live Session (live-sessions),65726
43,14.4,0,24,uK1u4p_MlXg_transcript.txt,May 15th Live Session (live-sessions),82408
44,14.4,3,22,9-Y340PyCZ8_transcript.txt,September 23rd Trade Review ($6k TSLA) (trade-reviews),4749
45,14.4,3,22,AKTOq72_28s_transcript.txt,March 27 Trade Review ($3k TSLA) (trade-reviews),6959
46,14.4,3,22,JVnwuqK0UHo_transcript.txt,April 17th Trade Review $5k Meta (trade-reviews),5511
47,14.4,3,22,Kl6J6tI-3J4_transcript.txt,January 19 Trade Review (trade-reviews),6326
48,14.4,3,22,RU8zDdT53Ag_transcript.txt,February 19th Trade Review ($16k TSLA) (trade-reviews),6675
49,14.4,3,22,mmXJYCk-nd0_transcript.txt,January 19 Trade Review (trade-reviews),6326
50,13.8,3,21,8DmV9UBQq5g_transcript.txt,March 7th Trade Review (trade-reviews),4685
51,13.8,3,21,N2XK-q0oa8I_transcript.txt,Weekly Recap February 17th (Mastermind 3) (trade-reviews),115175
52,13.8,3,21,_qe5pNH9eEY_transcript.txt,March 7th Trade Review ($2.2k AAPL) (trade-reviews),4565
53,13.8,3,21,ffgXS_5BP9s_transcript.txt,September 12th Trade Review (-3.8k TSLA) (trade-reviews),13995
54,13.8,3,21,kfYbz-q0MGE_transcript.txt,March 10th Trade Review (trade-reviews),4780
55,13.8,3,21,uPLuEui0CxU_transcript.txt,June 13th Trade Review ($60 AAPL) (trade-reviews),5101
56,13.8,0,23,63p-lzRBTf0_transcript.txt,[0s] if you're a new Trader it's very easy to,24285
57,13.8,0,23,tr7IdqVgdIg_transcript.txt,Weekly Live Session May 25th (Answering Questions) (trade-reviews),127875
58,13.8,0,23,u9pFlMU2iZM_transcript.txt,August 21st Live Session (live-sessions),74969
59,13.8,0,23,wT-qWLQ-a5g_transcript.txt,Live Trading Session February 23rd (live-sessions),36364
60,13.2,0,22,Ie1kUjTj4Jc_transcript.txt,July 16th Live Session (live-sessions),65591
61,13.2,0,22,_ncf5ULI2Zk_transcript.txt,[6s] my check my check good morning can you,34912
62,13.2,0,22,pGLsdLZahVY_transcript.txt,Live Trading Session April 29th (live-sessions),57273
63,13.2,0,22,qyDCEwko494_transcript.txt,Live Session May 1st (live-sessions),58980
64,13.2,3,20,7DM97TbfgNo_transcript.txt,August 16th Trade Review ($6.1k TSLA) (trade-reviews),6990
65,13.2,3,20,GioAzO16xM4_transcript.txt,February 13th + February 10th Trade Review (trade-reviews),6303
66,13.2,3,20,Lo5HzRJq9fg_transcript.txt,August 14th Trade Review ($5.5k NVDA) (trade-reviews),5071
67,13.2,3,20,n5a9PDnO83A_transcript.txt,June 5th Trade Review (-$2.9k TSLA) (trade-reviews),7027
68,12.6,3,19,4YbcS7KpSOs_transcript.txt,August 8th Trade Review ($4k QQQ) (trade-reviews),5740
69,12.6,3,19,K-Y2b9IEbXQ_transcript.txt,February 4th Trade Review ($4k NVDA) (trade-reviews),7173
70,12.6,3,19,xhD_SRbyMNE_transcript.txt,March 13th Trade Review ($11.8k TSLA) (trade-reviews),5860
71,12.6,0,21,9xPPy7JXJrM_transcript.txt,November 21st Live Session (live-sessions),54006
72,12.6,0,21,KDtjZmOKjFg_transcript.txt,August 1st Live Trading (live-sessions),102188
73,12.6,0,21,l6UXxpWsRm0_transcript.txt,March 26th Live Session (live-sessions),65230
74,12.6,0,21,pzZ2BaadX-s_transcript.txt,April 4th Live Session (live-sessions),50316
75,12.0,0,20,0z6KAobsuXo_transcript.txt,June 21st Live Session (live-sessions),51870
76,12.0,0,20,80oEvfFUri8_transcript.txt,Live Trading Session February 20th (live-sessions),27503
77,12.0,0,20,9RWl7x8I_ww_transcript.txt,July 3rd Live Session (live-sessions),58948
78,12.0,0,20,9X1stqlKnDw_transcript.txt,August 2nd Live Session (live-sessions),59927
79,12.0,0,20,DLFwLWVb61U_transcript.txt,May 14th Live Session (live-sessions),74238
80,12.0,0,20,EiK0Fv4Ox1Q_transcript.txt,Live Trading Session May 24th (live-sessions),49941
81,12.0,0,20,G00Y6CAdUzY_transcript.txt,August 8th Live Session (live-sessions),93698
82,12.0,0,20,PJrYv5PkXBc_transcript.txt,Live Trading Session May 20th (live-sessions),49775
83,12.0,0,20,WB34Q98VCPY_transcript.txt,September 19th Live Session (live-sessions),90473
84,12.0,0,20,cgUoqp8243I_transcript.txt,Live Trading Session January 31st (live-sessions),30564
85,12.0,0,20,iRj311b1NJ4_transcript.txt,April 1st Live Session (live-sessions),81826
86,12.0,0,20,lgCqWnnqmZ8_transcript.txt,Live Trading Session February 12th (live-sessions),28962
87,12.0,0,20,qjSC9FGF0js_transcript.txt,May 12th Live Sesssion (live-sessions),70270
88,12.0,0,20,tbzktgx46ao_transcript.txt,Weekly Trading Recap July 22nd-26th (trade-reviews),37324
89,12.0,0,20,tuiaMFg7VYY_transcript.txt,Live Trading Session January 22nd (live-sessions),35561
90,12.0,0,20,wZw4exMyRn0_transcript.txt,Live Trading Session May 6th (live-sessions),57356
91,12.0,3,18,2AFfZOf5qZk_transcript.txt,November 18th Trade Review ($10.5k TSLA) (trade-reviews),7126
92,12.0,3,18,2teXVtwyYcc_transcript.txt,March 2nd Trade Review (trade-reviews),5548
93,12.0,3,18,5zhlLPvW_cs_transcript.txt,November 19th Trade Review ($9.5k TSLA) (trade-reviews),6900
94,12.0,3,18,6eMkQt_XsHk_transcript.txt,June 28th Trade Review ($4.7k TSLA) (trade-reviews),4418
95,12.0,3,18,ClQOGwOmOSk_transcript.txt,July 1st Trade Review ($10.3k TSLA) (trade-reviews),6984
96,12.0,3,18,DvvzpY5OwOU_transcript.txt,July 10th Trade Review ($2.4k TSLA) (trade-reviews),5285
97,12.0,3,18,ELPe7DNAAh8_transcript.txt,September 30th Trade Review ($2k AAPL) (trade-reviews),5353
98,12.0,3,18,J1E2QdTaG4Y_transcript.txt,November 5th Trade Review ($890 NVDA) (trade-reviews),6682
99,12.0,3,18,ZCB7VOtR-lU_transcript.txt,May 13th Trade Review ($3k AAPL) (trade-reviews),5882
100,12.0,3,18,v0ACy-Gkpy4_transcript.txt,February 7th Trade Review (trade-reviews),5232
101,12.0,3,18,yZQckMBOtZw_transcript.txt,March 21 Trade Review ($10k TSLA) (trade-reviews),6157
102,11.4,0,19,7auleEXxAz8_transcript.txt,July 9th Live Session (live-sessions),69216
103,11.4,0,19,AtNSKcrXU9w_transcript.txt,[2s] discord's good zoom's good as well I,44409
104,11.4,0,19,NjLqPfWZcd0_transcript.txt,November 18th Live Session (live-sessions),54068
105,11.4,0,19,Qk5Vd3QvlJg_transcript.txt,May 1st Live Session (live-sessions),53894
106,11.4,0,19,Y49WRcNSrKk_transcript.txt,April 10th Live Session (live-sessions),98819
107,11.4,0,19,cWtMw7bLEy4_transcript.txt,Live Session January 3rd (live-sessions),42173
108,11.4,0,19,fmaNgUoLXMA_transcript.txt,November 25th Live Session (live-sessions),57505
109,11.4,0,19,lGJ5ynxwgjA_transcript.txt,September 24th Live Session (live-sessions),97308
110,11.4,0,19,mr3HXR4SF20_transcript.txt,September 12th Live Session (live-sessions),69619
111,11.4,0,19,t0-wG3RAQZU_transcript.txt,Live Trading Session January 19th (live-sessions),47443
112,11.4,0,19,tQy9CO2sGSI_transcript.txt,Live Session January 4th (live-sessions),28736
113,11.4,0,19,teknuA8-LSQ_transcript.txt,April 16th Live Session (live-sessions),76197
114,11.4,0,19,woGhNiIiqFs_transcript.txt,Live Trading Session January 25th (live-sessions),30458
115,11.4,3,17,0aoKhSUs-LM_transcript.txt,October 4th Trade Review (-$1.6k NVDA) (trade-reviews),4922
116,11.4,3,17,G-6jDoH1EFw_transcript.txt,June 10th Trade Review ($5.1K AMD) (trade-reviews),6443
117,11.4,3,17,XMzKP82Hg_I_transcript.txt,Weekly Trade Recap January 8th-12th (trade-reviews),17693
118,11.4,3,17,_22z9rgwvAQ_transcript.txt,November 4th Trade Review (-$1k AMD) (trade-reviews),7101
119,11.4,3,17,iwgAOnAuN7A_transcript.txt,April 8th Trade Review ($4k AMD & TSLA) (trade-reviews),8691
120,11.4,3,17,pNi3dkDNUbI_transcript.txt,July 22nd Trade Review (-$4.8k NVDA) (trade-reviews),8881
121,11.4,3,17,v_r4RENOo1A_transcript.txt,June 20th Trade Review ($6.7k AMD) (trade-reviews),6398
122,10.8,3,16,5IGKlp8plz0_transcript.txt,March 20th Trade Review (trade-reviews),5626
123,10.8,3,16,5yVBewFS8lM_transcript.txt,October 14th Trade Review ($1.2k NVDA) (trade-reviews),6523
124,10.8,3,16,6o0XFgLEHp8_transcript.txt,Weekly Trade Recap (March 2nd) (trade-reviews),144331
125,10.8,3,16,EguL6G2G-l4_transcript.txt,May 15th Trade Review ($19k NVDA) (trade-reviews),6977
126,10.8,3,16,G5t4G32eR84_transcript.txt,November 11th Trade Review (-$300 SPY) (trade-reviews),8535
127,10.8,3,16,I2uI9Rkbqt0_transcript.txt,Weekly Trade Recap June 22nd (trade-reviews),39468
128,10.8,3,16,Ya-CbcUDulc_transcript.txt,July 11th Trade Review ($2.2k TSLA) (trade-reviews),6165
129,10.8,3,16,ZaTjVDBTxlM_transcript.txt,March 28th Trade Review (trade-reviews),5040
130,10.8,3,16,fKVPyaEwLvg_transcript.txt,Sept 2nd Trade Review (trade-reviews),4383
131,10.8,3,16,o5Q6QD_m42o_transcript.txt,September 25th Trade Review ($4k NVDA + TSLA) (trade-reviews),6940
132,10.8,3,16,oR0mdBs_6KI_transcript.txt,March 13th Trade Review (trade-reviews),9271
133,10.8,3,16,p3kNolbkQlA_transcript.txt,February 27th Trade Review (trade-reviews),5811
134,10.8,3,16,qA7pBDvBwb4_transcript.txt,December 12th Trade Review ($350 AMD) (trade-reviews),7332
135,10.8,3,16,u4sDOKFdJKc_transcript.txt,September 10 & 11th Trade Review  (TSLA & NVDA) (trade-reviews),7818
136,10.8,6,14,4l9AW30-i1o_transcript.txt,Weekly Trade Recap April 13th (Draw on Liquidity) (trade-reviews),143918
137,10.8,0,18,4NxKb-yOKxU_transcript.txt,November 15th Live Session (live-sessions),44962
138,10.8,0,18,AH2mmePrFsE_transcript.txt,August 9th Live Session (live-sessions),82387
139,10.8,0,18,AzBxh41KUQ0_transcript.txt,[0s] perfect,95735
140,10.8,0,18,KWGR2laQyRM_transcript.txt,June 26th Live Session (live-sessions),141906
141,10.8,0,18,KytacOdF1oY_transcript.txt,[3s] good morning good morning my check my,65895
142,10.8,0,18,PXT3MenY3-A_transcript.txt,April 14th Live Session (live-sessions),59911
143,10.8,0,18,YtgYBGeKNrQ_transcript.txt,June 3rd Live Session (live-sessions),52143
144,10.8,0,18,eZV8qqz0j3I_transcript.txt,April 28th Live Session (live-sessions),43775
145,10.8,0,18,j-WmNGto2aA_transcript.txt,Live Trading Session February 6th (live-sessions),31839
146,10.8,0,18,p6tEcbCsfjs_transcript.txt,July 8th Live Session (live-sessions),57743
147,10.4,11,10,oIF2iRfSKxo_transcript.txt,April 30th Trade Review (NVDA SWING $18k) (trade-reviews),9325
148,10.2,0,17,2MewI9Y_K2Y_transcript.txt,September 9th Live Session (live-sessions),124243
149,10.2,0,17,9JjLL3-VDL8_transcript.txt,Live Trading Session January 26th (live-sessions),25331
150,10.2,0,17,Ffk5ZSiVjpk_transcript.txt,June 28th Live Session (live-sessions),47623
151,10.2,0,17,HKn_S8wtKr0_transcript.txt,April 23rd Live Session (live-sessions),64534
152,10.2,0,17,M-Pxkn5wjjA_transcript.txt,[0s] If you want to become a profitable,20503
153,10.2,0,17,Sao9LcJZNQ8_transcript.txt,November 14th Live Session (live-sessions),72107
154,10.2,0,17,YzOLcbffX34_transcript.txt,August 28th Live Session (live-sessions),82742
155,10.2,0,17,Z6StM63y3ZQ_transcript.txt,October 29th Live Session (live-sessions),52895
156,10.2,0,17,beilNB6V3lM_transcript.txt,Live Trading Session April 25th (live-sessions),38492
157,10.2,0,17,h3LwZ3rhS_g_transcript.txt,May 7th Live Session (live-sessions),39220
158,10.2,0,17,nY6MSJkgG6Y_transcript.txt,Live Trading Session May 17th (live-sessions),32943
159,10.2,0,17,o9CLFY3AI24_transcript.txt,November 26th Live Session (live-sessions),65029
160,10.2,0,17,p2CLn2yjfpI_transcript.txt,March 10th Trade ($22k TSLA) (trade-reviews),10698
161,10.2,3,15,TX6JQxpk08g_transcript.txt,November 4th Trade Review ($1.4k NVDA) (trade-reviews),8342
162,10.2,3,15,VK0aJOkXrfk_transcript.txt,February 1st 2023 Trade Review (trade-reviews),4808
163,10.2,3,15,Y3hc79PvDxI_transcript.txt,February 5th Trade Review ($6k NVDA) (trade-reviews),7181
164,10.2,3,15,Zvj9wsulyCM_transcript.txt,April 24th Trade Review ($9.8k NVDA) (trade-reviews),9463
165,10.2,3,15,_jehm9tKmIE_transcript.txt,January 12 Trade Review (trade-reviews),4780
166,10.2,3,15,oUZhSR_t3FI_transcript.txt,March 31st Trade Review (trade-reviews),6069
167,10.2,3,15,siorzDW_l6I_transcript.txt,December 9th Trade Review ($3k AAPL) (trade-reviews),6928
168,10.2,3,15,tmIEyK_1Ho4_transcript.txt,October 3rd Trade Review ($12k NVDA) (trade-reviews),5627
169,9.8,8,11,IKv5ha6aA2k_transcript.txt,[0s] This one candle rule makes trading so,28882
170,9.6,3,14,-f0noOhwCEM_transcript.txt,September 8th Trade Review (trade-reviews),4122
171,9.6,3,14,5Pc49F9_-sw_transcript.txt,January 17th Trade Review (trade-reviews),8786
172,9.6,3,14,7_RtCugLJfs_transcript.txt,February 12th Trade Review ($3.7k TSLA) (trade-reviews),6095
173,9.6,3,14,98e9o3AMmwk_transcript.txt,November 8th Trade Review ($130k TSLA P2 + AAPL) (trade-reviews),12091
174,9.6,3,14,B9uniOihM2M_transcript.txt,March 31st Trade Review (1.6k NVDA) (trade-reviews),7877
175,9.6,3,14,MOMtlLRNZvM_transcript.txt,Sept 22 Trade Review (trade-reviews),5447
176,9.6,3,14,Oi-W-hI4KJ0_transcript.txt,March 3rd Trade Review (trade-reviews),5542
177,9.6,3,14,Q9rS8WNAmYc_transcript.txt,August 1st Trade Review (-$1.6k NVDA) (trade-reviews),13813
178,9.6,3,14,YYfKUJxV9j4_transcript.txt,February 16th Trade Review (trade-reviews),3324
179,9.6,3,14,_Em7Q3lyrDg_transcript.txt,June 14th Trade Review ($1.2k TSLA) (trade-reviews),6680
180,9.6,3,14,i8mc9L5P5C4_transcript.txt,January 10th Trade Review (trade-reviews),5259
181,9.6,3,14,lDwyydxul9s_transcript.txt,January 26th Trade Review (trade-reviews),6649
182,9.6,0,16,81-nekY3l0U_transcript.txt,Live Trading Session April 23rd (live-sessions),59486
183,9.6,0,16,DOixA3wudkk_transcript.txt,Live Trading Session May 16th (live-sessions),106692
184,9.6,0,16,Fgv1Xv9sgqw_transcript.txt,November 7th Live Session (live-sessions),61685
185,9.6,0,16,FkqeoD09SIY_transcript.txt,[4s] okay so yeah coming into this morning uh,51587
186,9.6,0,16,O1gllUQiol4_transcript.txt,November 13th Live Session (live-sessions),75611
187,9.6,0,16,Prpog3H0Pao_transcript.txt,March 25th Live Session (live-sessions),73156
188,9.6,0,16,Qv5JIYkya0w_transcript.txt,December 13th Live Session (live-sessions),47083
189,9.6,0,16,aD78jPOKHP0_transcript.txt,December 4th Live Session (live-sessions),59463
190,9.6,0,16,bIoj2jUuCQA_transcript.txt,April 17th Live Session (live-sessions),62754
191,9.6,0,16,cfwZUw2UqtQ_transcript.txt,July 11th Live Session (live-sessions),59701
192,9.6,0,16,dlk1xq3bJyU_transcript.txt,November 20th Live Session (live-sessions),45629
193,9.6,0,16,eP8A-vf-eWM_transcript.txt,June 30th Live Session (live-sessions),79592
194,9.6,0,16,ei1GJI_1IbE_transcript.txt,Weekly Trading Recap August 10th (trade-reviews),155491
195,9.6,0,16,qPKx_AVotEs_transcript.txt,April 15th Live Session (live-sessions),63605
196,9.6,0,16,sbP0XANv-QE_transcript.txt,September 23rd Live Session (live-sessions),85256
197,9.6,0,16,t0xpI2wU9-o_transcript.txt,June 7th Live Session (live-sessions),43936
198,9.6,6,12,1_FH-Cy6G20_transcript.txt,May 20th Trade Review (NQ Futures $4.5k) (trade-reviews),6474
199,9.0,0,15,2MyWbeC0xdw_transcript.txt,Live Trading Session February 7th (live-sessions),53568
200,9.0,0,15,B49f69EMfXg_transcript.txt,[0s] zoom's good Discord should be good as,62454
201,9.0,0,15,J_EFV3bxmzU_transcript.txt,May 22nd Live Session (live-sessions),104115
202,9.0,0,15,MF84vfpsJGw_transcript.txt,June 5th Live Session (live-sessions),85942
203,9.0,0,15,NxK9d2zJIFQ_transcript.txt,June 24th Live Session (live-sessions),75617
204,9.0,0,15,OFQud4YYPck_transcript.txt,June 20th Live Session Trading Session (live-sessions),46860
205,9.0,0,15,QdWVAanA_9U_transcript.txt,December 16th Live Session (live-sessions),81695
206,9.0,0,15,ZoDEKSAnsiA_transcript.txt,June 26th Live Session (live-sessions),51502
207,9.0,0,15,cSSsjGBxAw0_transcript.txt,August 6th Live Session (live-sessions),83268
208,9.0,0,15,o-45Cemg6gY_transcript.txt,Live Trading Session February 27th (live-sessions),22438
209,9.0,0,15,oIOWKmTgs1I_transcript.txt,Live Trading Session April 9th (live-sessions),44880
210,9.0,0,15,vZGqB-LExFU_transcript.txt,[10s] good morning can you guys hear me and,86642
211,9.0,3,13,0QyuYNDoKpY_transcript.txt,March 17th Trade Review ($1.1k NVDA + AMD) (trade-reviews),11797
212,9.0,3,13,2Wh32wlqXDE_transcript.txt,October 23rd Trade Review ($4k NVDA) (trade-reviews),6546
213,9.0,3,13,2nWW5IPgroU_transcript.txt,April 25th Trade Review ($9.8k NVDA) (trade-reviews),4450
214,9.0,3,13,7LLd6oK8Z4Y_transcript.txt,February 20th Trade Review (-$2.8k AAPL) (trade-reviews),6517
215,9.0,3,13,8Oo_5LydiDQ_transcript.txt,"February 10th Trade Review (-$8,000 TSLA + NVDA) (trade-reviews)",9405
216,9.0,3,13,APJ8H9pRouU_transcript.txt,January 22 Trade Review (trade-reviews),4794
217,9.0,3,13,JPL8yUA5I8A_transcript.txt,January 30th Trade Review (trade-reviews),6899
218,9.0,3,13,RDzumndcMHI_transcript.txt,March 6th Trade Review (trade-reviews),6337
219,9.0,3,13,lvPYyI8AaSg_transcript.txt,May 3rd Trade Review ($3k TSLA) (trade-reviews),4669
220,9.0,3,13,z3cvNms9ep8_transcript.txt,January 11 Trade Review (trade-reviews),9673
221,8.6,11,7,vgc5IVOBaoE_transcript.txt,August 29th Trade Review ($24k TSLA & AAPL Swing) (trade-reviews),11202
222,8.4,0,14,63KtSBVzkpA_transcript.txt,November 8th Live Session (live-sessions),66490
223,8.4,0,14,6Vx6Wo4R0eM_transcript.txt,December 17th Live Session (live-sessions),56431
224,8.4,0,14,DUmvMhKk7mA_transcript.txt,"Live Trading Session February 29th (+$9,000) (live-sessions)",33105
225,8.4,0,14,H8L_aspf3u0_transcript.txt,November 29th Live Session (live-sessions),72361
226,8.4,0,14,ItlcnXfF1wE_transcript.txt,April 21st Live Session (live-sessions),78940
227,8.4,0,14,L_OSAWk4_ww_transcript.txt,Live Trading Session February 16th (live-sessions),47833
228,8.4,0,14,Mta32jhu44s_transcript.txt,[1s] zoom's good Discord is good as well let,93227
229,8.4,0,14,RAVL9s1Nu34_transcript.txt,May 27th Live Session (live-sessions),58774
230,8.4,0,14,ToLUr7g90jQ_transcript.txt,August 5th Live Session (live-sessions),90591
231,8.4,0,14,YUlYz1ZDFIY_transcript.txt,March 19th Live Session (live-sessions),74672
232,8.4,0,14,_g1de0wL-N0_transcript.txt,May 21st Live Session (live-sessions),95788
233,8.4,0,14,c4uNJYskLL4_transcript.txt,September 25th Live Session (live-sessions),90739
234,8.4,0,14,efNNTEiYmRI_transcript.txt,Live Session April 17th (live-sessions),64164
235,8.4,0,14,gaimeOJjB7I_transcript.txt,October 14th Live Session (live-sessions),101285
236,8.4,0,14,obSmDLZ9icM_transcript.txt,October 24th Live Session (live-sessions),62637
237,8.4,0,14,pjqmIixRu18_transcript.txt,May 6th Live Session (live-sessions),73213
238,8.4,0,14,qUcD-bTkuSg_transcript.txt,September 3rd Live Session (live-sessions),93745
239,8.4,0,14,vO-Dcqiso24_transcript.txt,July 2nd Live Session (live-sessions),51530
240,8.4,0,14,wSRFcAbpJ9E_transcript.txt,October 30th Live Session (live-sessions),91595
241,8.4,0,14,ygr1XXK0MPU_transcript.txt,September 11th Live Session (live-sessions),82233
242,8.4,0,14,zCB3H9khLsY_transcript.txt,[0s] let me get this,78476
243,8.4,3,12,5uJddIJYyzk_transcript.txt,March 29th Trade Review (trade-reviews),4609
244,8.4,3,12,62w1GJXPjZA_transcript.txt,June 24th Trade Review ($80 TSLA) (trade-reviews),6765
245,8.4,3,12,6TW_H52DV_4_transcript.txt,January 13th Trade Review (trade-reviews),7336
246,8.4,3,12,8_2g0essJN4_transcript.txt,March 18th Trade Review ($2.6k TSLA) (trade-reviews),8304
247,8.4,3,12,CC852s5M26A_transcript.txt,November 15th Trade Review ($250 TSLA) (trade-reviews),7470
248,8.4,3,12,HUUq4NYw2W4_transcript.txt,January 31st Trade Review (trade-reviews),9858
249,8.4,3,12,IyuUAoSsfnE_transcript.txt,November 22nd Trade Review ($30k TSLA) (trade-reviews),5546
250,8.4,3,12,LyHxlS52KJg_transcript.txt,October 25th Trade Review ($21k TSLA) (trade-reviews),8665
251,8.4,3,12,Ml0UXGoDRbw_transcript.txt,March 22nd Trade Review (trade-reviews),5433
252,8.4,3,12,SO38Y2XyLzU_transcript.txt,Weekly Trade Recap July 13th (trade-reviews),159699
253,8.4,3,12,mhlS6zBxQvk_transcript.txt,January 24th Trade Review (trade-reviews),3814
254,8.4,3,12,nxY9GrkEE5A_transcript.txt,February 14th Trade Review ($10.3k AAPL) (trade-reviews),6224
255,8.4,3,12,pk3SxX47zeg_transcript.txt,July 15th Trade Review ($10.9k TSLA) (trade-reviews),4647
256,8.4,3,12,qf0etbv2Zos_transcript.txt,July 17th Trade Review ($1.7k AMD) (trade-reviews),8049
257,8.4,3,12,qsEvoLppZig_transcript.txt,February 1-7 Trade Review For Week (trade-reviews),9979
258,8.4,3,12,uPYtn-ka9JY_transcript.txt,August 22nd Trade Review ($2.8k AMD) (trade-reviews),6133
259,7.8,0,13,3UXFutyNDoY_transcript.txt,June 3rd Live Session (live-sessions),40438
260,7.8,0,13,3yiJ74UNjFI_transcript.txt,Live Trading Session February 21st (live-sessions),24057
261,7.8,0,13,BNWgEfll-Us_transcript.txt,November 5th Live Session (live-sessions),54662
262,7.8,0,13,GCMWqMgVEWw_transcript.txt,Live Trading Session May 31st (live-sessions),49188
263,7.8,0,13,HJm2qQ673co_transcript.txt,June 4th Live Session (live-sessions),50293
264,7.8,0,13,OYVYu8Tw568_transcript.txt,Live Trading Session January 24th (live-sessions),40253
265,7.8,0,13,RIo0iX-k4HY_transcript.txt,[4s] all right discord's good zoom is good as,77167
266,7.8,0,13,SJu7s_S_aWI_transcript.txt,December 19th Live Session (live-sessions),77146
267,7.8,0,13,T8leSPV4i7o_transcript.txt,May 13th Live Session (live-sessions),55126
268,7.8,0,13,V7CC-wCsbOs_transcript.txt,June 27th Live Session (live-sessions),81715
269,7.8,0,13,_Enm35zFpOo_transcript.txt,June 2nd Live Session (live-sessions),50804
270,7.8,0,13,bKdShngNVTc_transcript.txt,June 11th Live Session (live-sessions),93985
271,7.8,0,13,e6u676aIc30_transcript.txt,April 9th Live Session (live-sessions),74258
272,7.8,0,13,qPAXEaxBdkE_transcript.txt,June 17th Live Trading Session (live-sessions),44785
273,7.8,0,13,toH48Rt4eko_transcript.txt,Live Trading Session April 19th (live-sessions),64964
274,7.8,0,13,uB4aLWGVDcc_transcript.txt,[3s] all righty so yeah coming into today uh,68161
275,7.8,0,13,w7ySw8EPzKU_transcript.txt,July 15th Live Session (live-sessions),49803
276,7.8,3,11,7nXFvzcoEuE_transcript.txt,April 9th Trade Review ($7k TSLA) (trade-reviews),10938
277,7.8,3,11,DJ0vXuQhUY8_transcript.txt,June 7th Trade Review (AMD $900) (trade-reviews),5270
278,7.8,3,11,LyRX2tJ72RY_transcript.txt,January 4th Trade Review (FOMC) (trade-reviews),4569
279,7.8,3,11,UkhDtUIA1gc_transcript.txt,April 16th Trade Review ($500 meta) (trade-reviews),9568
280,7.8,3,11,f9zwHJjaU-o_transcript.txt,October 23rd Trade Review (-$1k AAPL) (trade-reviews),6291
281,7.8,3,11,kwxSHc6tr9U_transcript.txt,January 3rd Trade Review (trade-reviews),9405
282,7.8,3,11,swzsEfX4utg_transcript.txt,May 3rd Weekly Recap (trade-reviews),77202
283,7.8,3,11,tU9oxW2WysA_transcript.txt,June 28th Weekly Recap (trade-reviews),102742
284,7.8,3,11,wPeMuMoiit4_transcript.txt,June 21st Weekly Recap (trade-reviews),59884
285,7.8,3,11,wl75XHzyqCU_transcript.txt,June 7th Weekly Recap (trade-reviews),93504
286,7.2,3,10,3xG69aUOf2I_transcript.txt,December 2nd Trade Review ($4k AAPL) (trade-reviews),6481
287,7.2,3,10,B_bBQHIxHtg_transcript.txt,May 10th Trade Review ($4k NVDA) (trade-reviews),6479
288,7.2,3,10,EMOXU7EVlF0_transcript.txt,November 30th Trade Review ($220k Month + $10k AAPL Trade) (trade-reviews),11033
289,7.2,3,10,EZcFeFHcldA_transcript.txt,Weekly Trade Review January 15th-19th (trade-reviews),25357
290,7.2,3,10,Ha_QXbl_Oqc_transcript.txt,December 10th Trade Review ($9.9k GOOG + TSLA + AAPL) (trade-reviews),8154
291,7.2,3,10,I2vQTAj7NPA_transcript.txt,February 11th Trade Review ($15k AAPL) (trade-reviews),7061
292,7.2,3,10,QZxzbKperp4_transcript.txt,May 2nd Trade Review ($90 AMZN) (trade-reviews),3875
293,7.2,3,10,SSzo8GvLGgg_transcript.txt,January 27th Trade Review (trade-reviews),4197
294,7.2,3,10,bMVp6npdFN8_transcript.txt,February 25th Trade Review (-1.8k AAPL) (trade-reviews),5566
295,7.2,3,10,s8Bzt1kDslU_transcript.txt,August 13th Trade Review (-$180 AMD) (trade-reviews),9382
296,7.2,3,10,ykDLeZ4NnBQ_transcript.txt,December 11th Trade Review ($16k TSLA) (trade-reviews),6565
297,7.2,0,12,0I1w83eSLyU_transcript.txt,Live Trading Session February 1st (live-sessions),49473
298,7.2,0,12,1opbYIiNf5E_transcript.txt,[5s] yes discord's good zoom is good as well,77427
299,7.2,0,12,2g_UVL6Bo8k_transcript.txt,July 10th Live Session (live-sessions),74323
300,7.2,0,12,4rJGc39a3Iw_transcript.txt,June 20th Live Session (live-sessions),52469
301,7.2,0,12,5ecIZcllCpw_transcript.txt,March 30th Trading Review (trade-reviews),7639
302,7.2,0,12,7Yytj7ILkRg_transcript.txt,May 19th Live Session (live-sessions),63450
303,7.2,0,12,8d0AKmzuDHg_transcript.txt,Live Trading Session May 3rd (live-sessions),50580
304,7.2,0,12,8wVozYWQJq0_transcript.txt,June 24th Live Session (live-sessions),71853
305,7.2,0,12,9hcAP9tzwj8_transcript.txt,March 28th Live Session (live-sessions),50991
306,7.2,0,12,Ni1sRRbeUO4_transcript.txt,Live Trading Session February 14th (live-sessions),17717
307,7.2,0,12,QuoPwliYfC4_transcript.txt,Weekly Trading Recap August 17th (trade-reviews),25389
308,7.2,0,12,THy81tnkMIo_transcript.txt,Live Trading Session February 26th (live-sessions),20373
309,7.2,0,12,TaRZ9mpuVhs_transcript.txt,May 23rd Live Session (live-sessions),59273
310,7.2,0,12,ZFPnTRx_gQI_transcript.txt,Weekly Trading Recap August 24th (trade-reviews),151714
311,7.2,0,12,aNWGi3H8Ovc_transcript.txt,Live Trading Session April 18th (live-sessions),64817
312,7.2,0,12,bAXQ4QKyNhU_transcript.txt,Live Trading Session May 29th (live-sessions),63768
313,7.2,0,12,dORhijHthwU_transcript.txt,April 29th Live Session (live-sessions),62549
314,7.2,0,12,dWT14y7Qc6w_transcript.txt,Live Trading Session May 21st (live-sessions),56831
315,7.2,0,12,deHFitiQ7YQ_transcript.txt,[4s] all right Discord just got this recorded,38625
316,7.2,0,12,kVheBlRBekg_transcript.txt,Live Trading Session February 28th (live-sessions),32046
317,7.2,0,12,lhRylX5X5nw_transcript.txt,July 14th Live Session (live-sessions),124193
318,7.2,0,12,n-_i9lxfPEE_transcript.txt,Live Trading Session January 17th (live-sessions),30780
319,7.2,0,12,rNy7OOzsGwE_transcript.txt,August 14th Live Session (live-sessions),69931
320,7.2,0,12,tDaslTh_1S8_transcript.txt,Live Trading Session January 29th (live-sessions),29981
321,7.2,0,12,tGv16-kE_HY_transcript.txt,[0s] let me get this,68499
322,7.2,0,12,ujUkZaWZ1oE_transcript.txt,[5s] yes Discord is good zoom should be good,73581
323,7.2,0,12,zVMqEG4whAw_transcript.txt,[3s] zoom's good um the Discord is good as,73042
324,6.6,0,11,-_dz8WqgRB8_transcript.txt,Live Trading Session April 15th (live-sessions),65474
325,6.6,0,11,1scmB__v9W8_transcript.txt,May 8th Live Session (live-sessions),76679
326,6.6,0,11,4ZMN4FvUjM4_transcript.txt,[7s] okay so yeah coming to this morning uh,79583
327,6.6,0,11,9te7G9JT1rw_transcript.txt,December 20th Live Session (live-sessions),57244
328,6.6,0,11,AaXnISeXu-Y_transcript.txt,[0s] we get,69773
329,6.6,0,11,BLTla7_slhg_transcript.txt,August 15th Live Session (live-sessions),66817
330,6.6,0,11,HX3n2tHRLV8_transcript.txt,May 5th Live Session (live-sessions),68755
331,6.6,0,11,H_FHTQGVwiw_transcript.txt,Weekly Trading Recap November 2nd (trade-reviews),77549
332,6.6,0,11,LJZoKlAjWvM_transcript.txt,April 2nd Live Session (live-sessions),83274
333,6.6,0,11,Lv6TjiF8Pgw_transcript.txt,April 24th Live Session (live-sessions),21726
334,6.6,0,11,Peer7wl3AjA_transcript.txt,December 5th Live Session (live-sessions),87559
335,6.6,0,11,Se_P4N3u48o_transcript.txt,[4s] okay so yeah coming into today as I,63467
336,6.6,0,11,XXIfCPU2nr0_transcript.txt,[3s] Al righty yeah coming into today uh kind,85848
337,6.6,0,11,gM0dXZKM2X8_transcript.txt,[0s] Top-down analysis has made my trading,21097
338,6.6,0,11,iD-anLrBugk_transcript.txt,Live Trading Session May 30th (live-sessions),89755
339,6.6,0,11,lSsE50yS9vc_transcript.txt,August 7th Live Session (live-sessions),67563
340,6.6,0,11,nQs0k9VGacU_transcript.txt,October 22nd Live Session (live-sessions),72412
341,6.6,0,11,qfmvjY-QpQQ_transcript.txt,June 14th Live Session (live-sessions),56518
342,6.6,0,11,ujgAi_U41ZQ_transcript.txt,Live trading Session January 18th (live-sessions),40547
343,6.6,0,11,wk4PB9XwNZM_transcript.txt,June 23rd Live Session (live-sessions),75033
344,6.6,0,11,zkNAK8uoet0_transcript.txt,[4s] yes discord's good a zoom is good as,42832
345,6.6,3,9,6ChwEX15uYI_transcript.txt,June 29th Weekly Trade Recap (Mastermind) (trade-reviews),149561
346,6.6,3,9,9Kl6sAKutj8_transcript.txt,March 9th Trade Review (trade-reviews),10463
347,6.6,3,9,9_SUU8V-uJc_transcript.txt,February 6th Trade Review (trade-reviews),5576
348,6.6,3,9,QziMXDCoomw_transcript.txt,March 26th Trade Review ($7.5k NVDA) (trade-reviews),7763
349,6.6,3,9,UjiqjtAjdrM_transcript.txt,January 18 Trade Review (trade-reviews),10419
350,6.6,3,9,Zt8c-5OcLGk_transcript.txt,April 22nd Trade Review ($22k NVDA) (trade-reviews),7766
351,6.6,3,9,xU5oQWfvczQ_transcript.txt,Weekly Trade Recap February 24th (trade-reviews),108922
352,6.2,8,5,I9f1J6DYjdI_transcript.txt,"[0s] After 7 years of trading, this scalping",30623
353,6.2,11,3,IsdMcSnR-rI_transcript.txt,Weekly Trade Recap June 15th (Opening Plays) (trade-reviews),133034
354,6.0,0,10,2TdyYqUECk4_transcript.txt,[3s] good morning good morning Discord is,70769
355,6.0,0,10,D2PX0ncaQHU_transcript.txt,Weekly Trading Recap July 6th (trade-reviews),151547
356,6.0,0,10,EH6wbbTEIMU_transcript.txt,October 4th Live Session (live-sessions),63032
357,6.0,0,10,HJ5F0avmOzk_transcript.txt,[2s] [Music],68295
358,6.0,0,10,Ip1iWJEhm5k_transcript.txt,July 1st Live Session (live-sessions),81947
359,6.0,0,10,JQajuUzTn6g_transcript.txt,[3s] morning zoom's uh discord's good zoom,52455
360,6.0,0,10,LHyoDeGwYFM_transcript.txt,May 9th Live Session (live-sessions),53366
361,6.0,0,10,LQjgukTyGZ0_transcript.txt,[3s] okay so yeah coming to this morning uh,58861
362,6.0,0,10,NMAeEXXaIkk_transcript.txt,[3s] all righty so yeah coming into this,66086
363,6.0,0,10,NzHm_kjAIk8_transcript.txt,[4s] all,94534
364,6.0,0,10,XgIrHZ5xUI4_transcript.txt,Live Trading Session February 8th (live-sessions),51366
365,6.0,0,10,Yra-xSVy4ZI_transcript.txt,June 6th Live Session (live-sessions),60361
366,6.0,0,10,_XbTsCQkoJc_transcript.txt,June 9th Live Session (live-sessions),98730
367,6.0,0,10,g2EC_kt6G3g_transcript.txt,March 27th Live Session (live-sessions),52400
368,6.0,0,10,gcQuTCMucaw_transcript.txt,Live Trading Session April 22nd (live-sessions),51483
369,6.0,0,10,hPhu5dgxJPw_transcript.txt,[3s] all right Discord is good I'm not sure,65734
370,6.0,0,10,hkZdRKSYi0E_transcript.txt,[3s] my check my check good,55897
371,6.0,0,10,lk91KvccR_w_transcript.txt,June 6th Live Session (live-sessions),77493
372,6.0,0,10,qUEBmXqhsic_transcript.txt,[0s] let me get this,92335
373,6.0,0,10,tr_ywYlRvvw_transcript.txt,August 23rd Live Session (live-sessions),61691
374,6.0,0,10,uhyCpij4vHM_transcript.txt,October 31st Live Session (live-sessions),60486
375,6.0,0,10,ySutWqEiXBg_transcript.txt,October 28th Live Session (live-sessions),36823
376,6.0,3,8,2EQzpgwslBw_transcript.txt,March 8th Weekly Recap (trade-reviews),133053
377,6.0,3,8,93B-EK9t1Rk_transcript.txt,September 7th Trade review (trade-reviews),4891
378,6.0,3,8,9sk9oJ11LfI_transcript.txt,January 11th Weekly Recap (trade-reviews),105154
379,6.0,3,8,E35CAIh0mH0_transcript.txt,February 14th Trade Review (trade-reviews),4345
380,6.0,3,8,KCqSOCaHcZU_transcript.txt,November 1st Trade Review ($3k AAPL) (trade-reviews),6593
381,6.0,3,8,OK17b9D7Td4_transcript.txt,October 15th Trade Review ($6.7k AAPL) (trade-reviews),5850
382,6.0,3,8,QnTdnh57wME_transcript.txt,March 24th Trade Review (trade-reviews),4428
383,6.0,3,8,VKXO1lGJrUM_transcript.txt,January 20th Trade Review (trade-reviews),5321
384,6.0,3,8,ffCNocEg9So_transcript.txt,August 7th Trade Review ($2k AAPL) (trade-reviews),12286
385,6.0,3,8,pthjYVfx2fQ_transcript.txt,October 2nd Trade Review ($1.7k NVDA) (trade-reviews),8721
386,6.0,3,8,y3jnvlxDczQ_transcript.txt,March 27th Trade Review (trade-reviews),5537
387,5.4,3,7,64om7Rlf8TU_transcript.txt,June 3rd Trade Review ($2.8k TSLA) (trade-reviews),3534
388,5.4,3,7,RnD6Po3efLk_transcript.txt,February 8th Trade Review (trade-reviews),8356
389,5.4,3,7,SeHdVXBf9-k_transcript.txt,September 3rd Trade Review ($6.2k NVDA) (trade-reviews),8398
390,5.4,3,7,WF0AbNZDR8s_transcript.txt,December 26 Trade Review ($500 AAPL) (trade-reviews),5939
391,5.4,3,7,bLS_VwNP_WU_transcript.txt,March 28th Trade Review ($5.7k TSLA) (trade-reviews),8635
392,5.4,3,7,isaObJZsgKU_transcript.txt,July 19th Weekly Recap (trade-reviews),109134
393,5.4,3,7,tPHghiu-q9c_transcript.txt,March 16th Trade Review (trade-reviews),4861
394,5.4,3,7,umaeCwnvbJg_transcript.txt,July 29th Trade Review ($2.4k) (trade-reviews),7416
395,5.4,0,9,6sxCfeoGn8g_transcript.txt,"[0s] In today's video, I'm going to share",27870
396,5.4,0,9,De-sCOwNQLM_transcript.txt,July 17th Live Session (live-sessions),102824
397,5.4,0,9,E0ig70hGf-U_transcript.txt,[4s] alrighty so yeah coming into um the,53870
398,5.4,0,9,Hrhja8McFtI_transcript.txt,[4s] zoom's good Discord is good as well all,74489
399,5.4,0,9,Ng5MJTUFldg_transcript.txt,Weekly Trading Recap November 9th (trade-reviews),173960
400,5.4,0,9,NhWWZJpvSIk_transcript.txt,May 2nd Live Session (live-sessions),89966
401,5.4,0,9,PBGB2UXaTVQ_transcript.txt,September 14th Weekly Live Session (trade-reviews),193428
402,5.4,0,9,Rka2S7Ji2NQ_transcript.txt,July 18th Live Session (live-sessions),58024
403,5.4,0,9,UbqvLJbIHNM_transcript.txt,November 4th Live Session (live-sessions),85944
404,5.4,0,9,kIjOC9H_DY4_transcript.txt,June 27th Live Session (live-sessions),46701
405,5.4,0,9,ltwzBkdkjaA_transcript.txt,April 22nd Live Session (live-sessions),69595
406,5.4,0,9,pXzYljkemVc_transcript.txt,September 18th Live Session (live-sessions),72756
407,5.4,0,9,r9mNfnvsBOI_transcript.txt,Live Trading Session February 2nd (live-sessions),66745
408,5.4,0,9,yGpLnmMezM0_transcript.txt,June 5th Live Session (live-sessions),92044
409,5.4,0,9,ysS7XcByMIM_transcript.txt,Live Trading Session February 13th (live-sessions),23161
410,4.8,0,8,25k5lSNf9-0_transcript.txt,June 18th Live Session (live-sessions),36403
411,4.8,0,8,4zIwcfcJBFA_transcript.txt,April 11th Live Session (live-sessions),56647
412,4.8,0,8,5Rd8uMfiRsg_transcript.txt,[0s] and we'll get started,88248
413,4.8,0,8,FEUupus9RW4_transcript.txt,[8s] okay so yeah uh coming into today so we,80584
414,4.8,0,8,FW4sO-zgQYw_transcript.txt,May 28th Live Session (live-sessions),102175
415,4.8,0,8,IZENtbZb1u8_transcript.txt,September 4th Live Session (live-sessions),139431
416,4.8,0,8,OGfA9w2oyc4_transcript.txt,May 16th Live Session (live-sessions),68387
417,4.8,0,8,P0X00SCFsbo_transcript.txt,Live Trading Session April 10th (live-sessions),44593
418,4.8,0,8,QfEDAnpfhew_transcript.txt,September 5th Live Session (live-sessions),106376
419,4.8,0,8,RGJW1OXVO9U_transcript.txt,September 10th Live Session (live-sessions),92644
420,4.8,0,8,RjGyrZBHKLg_transcript.txt,June 25th Live Session (live-sessions),42599
421,4.8,0,8,T24_kAZoE2g_transcript.txt,[3s] okay so yeah coming into today so we had,58999
422,4.8,0,8,TZb_9S_qnVs_transcript.txt,October 17th Live Session (live-sessions),50622
423,4.8,0,8,UKcFaT1sK7c_transcript.txt,November 11th Live Session (live-sessions),81107
424,4.8,0,8,WPSwcXJhcKQ_transcript.txt,[0s] get this,110600
425,4.8,0,8,WgkNjU29FBk_transcript.txt,[6s] All righty. Sounds sorry I'm at my mini,37650
426,4.8,0,8,X9bqfraDYso_transcript.txt,August 20th Live Session (live-sessions),72080
427,4.8,0,8,_LMcjhKZRss_transcript.txt,August 30th Live Session (live-sessions),66136
428,4.8,0,8,hLd90z7mTMM_transcript.txt,August 27th Live Session (live-sessions),62702
429,4.8,0,8,mnnwfxQoEIY_transcript.txt,Live Session Jan 5th (live-sessions),53876
430,4.8,0,8,qqynNw_0vHI_transcript.txt,December 18th Live Session (live-sessions),53643
431,4.8,0,8,rdtOOEym4Cs_transcript.txt,October 25th Live Session (live-sessions),83633
432,4.8,0,8,xQ2nafFPpjE_transcript.txt,Live Trading Session February 5th (live-sessions),46404
433,4.8,3,6,1S50NNAGTs0_transcript.txt,December 14th Weekly Session (trade-reviews),163047
434,4.8,3,6,IGkIF6IRsLc_transcript.txt,May 17th Trade Review (-$4k AMD & AAPL) (trade-reviews),10666
435,4.8,3,6,KqwkOjnsZIU_transcript.txt,March 23rd Trade Review (trade-reviews),5653
436,4.8,3,6,LidIpAxjxHg_transcript.txt,January 25th Trade Review (trade-reviews),7618
437,4.8,3,6,Qz6a1ah8Vd4_transcript.txt,February 9th Trade Review (trade-reviews),7744
438,4.8,3,6,cbUWk0IroyI_transcript.txt,January 6th Trade Review (trade-reviews),5193
439,4.8,3,6,cyDOi4Jjh5U_transcript.txt,March 1st Trade Review (trade-reviews),4443
440,4.8,3,6,eRUSWiIZh9U_transcript.txt,September 19th Trade Review ($24k TSLA & AAPL) (trade-reviews),8040
441,4.8,3,6,fAoJxffhWVc_transcript.txt,March 4th Trade Review ($20k TSLA) (trade-reviews),5943
442,4.8,3,6,jLc8Gxm0WbU_transcript.txt,February 21st Trade Review (trade-reviews),3283
443,4.8,3,6,jN2ZHgeyOBM_transcript.txt,November 21 Trade Review ($500 TSLA) (trade-reviews),7288
444,4.8,3,6,lOKLMktXgY8_transcript.txt,November 23rd Weekly Recap (trade-reviews),137275
445,4.8,3,6,q-FxhohAEec_transcript.txt,March 8th Trade Review (trade-reviews),6472
446,4.8,3,6,rwz98YJC62g_transcript.txt,March 15th Weekly Recap (trade-reviews),158754
447,4.2,0,7,3yDUvAjr4TQ_transcript.txt,"Live Trading Session February 22nd (+$12,200) (live-sessions)",37497
448,4.2,0,7,D13byuxueT8_transcript.txt,[9s] my chat good morning good,54928
449,4.2,0,7,GebKN5Hvcco_transcript.txt,December 12th Live Session (live-sessions),113565
450,4.2,0,7,GydtUf2av0A_transcript.txt,[3s] yeah all righty so yeah coming into uh,49208
451,4.2,0,7,H3RDQ_g6CLM_transcript.txt,December 1st Live Session (live-sessions),66074
452,4.2,0,7,HUvAEWa1vMw_transcript.txt,October 18th Live Session (live-sessions),58055
453,4.2,0,7,J5PB2ykgbAE_transcript.txt,July 7th Live Session (live-sessions),86395
454,4.2,0,7,JuXUGhX_9DI_transcript.txt,Weekly Trading Recap September 7th (live-sessions),116518
455,4.2,0,7,Q0XC_SuWA4o_transcript.txt,Weekly Trading Recap October 5th Q&A (trade-reviews),150651
456,4.2,0,7,Rn7xUwUWZH0_transcript.txt,Live Trading Session May 7th (live-sessions),72142
457,4.2,0,7,SuebXDAybxI_transcript.txt,August 16th (live-sessions),43666
458,4.2,0,7,Z4CzVDvuI9k_transcript.txt,November 1st Live Session (live-sessions),50423
459,4.2,0,7,eeM9ZiEsAus_transcript.txt,[0s] let me just get this,64411
460,4.2,0,7,ejvurip2aRs_transcript.txt,May 30th Live Session (live-sessions),68736
461,4.2,0,7,gGX0x2iUlzk_transcript.txt,[3s] the zoom's good discord's good as well,53605
462,4.2,0,7,hCW3CJkRS7I_transcript.txt,December 8th Live Session (live-sessions),77896
463,4.2,0,7,hFA1M_-mnJA_transcript.txt,September 16th Live Session (live-sessions),116722
464,4.2,0,7,iQyu00uWbuM_transcript.txt,December 3rd Live Session (live-sessions),58952
465,4.2,0,7,kpdNKpFhfK8_transcript.txt,June 10th Live Session (live-sessions),54303
466,4.2,0,7,rokMY-pTED8_transcript.txt,[6s] Mic check. Mic check. Good morning. Can,57973
467,4.2,0,7,rtOO7BabBnA_transcript.txt,October 23rd Live Session (live-sessions),63522
468,4.2,0,7,sH9wS-nKbkc_transcript.txt,Weekly Trading Recap May 4th (Month Breakdown) (trade-reviews),93593
469,4.2,0,7,t4saOzhWTTQ_transcript.txt,October 21th Live Session (live-sessions),50017
470,4.2,0,7,vGsjLNfqlJ4_transcript.txt,June 10th Live Session (live-sessions),85696
471,4.2,3,5,7ujnfM1NoB0_transcript.txt,January 5th Trade Review (trade-reviews),13056
472,4.2,3,5,Eu_2e9xTi5I_transcript.txt,Sept 9th Trade Review (trade-reviews),4939
473,4.2,3,5,G-vUWzxVtb8_transcript.txt,April 5th Trade Review (trade-reviews),7621
474,4.2,3,5,Id8pGsmtO3g_transcript.txt,August 9th Weekly Recap (trade-reviews),77339
475,4.2,3,5,aj7HXPbrI5Q_transcript.txt,April 29th Trade Review ($8k NVDA & AAPL) (trade-reviews),9740
476,4.2,3,5,dbM1BpdbMOo_transcript.txt,December 18th Trade Review ($3k TSLA + SPY) (trade-reviews),10411
477,4.2,3,5,eXbaSstEPK8_transcript.txt,May 29th Trade Review ($300 AAPL) (trade-reviews),12577
478,4.2,3,5,kKGFZtwt1Hc_transcript.txt,July 12th Weekly Recap (trade-reviews),108963
479,4.2,6,3,N3VNvszdrM8_transcript.txt,Weekly Trade Recap June 8th (Draw On Liquidity) (trade-reviews),128699
480,3.6,3,4,0mUVcHm9WXs_transcript.txt,Weekly Trade Review January 29th- February 2nd (trade-reviews),23659
481,3.6,3,4,1C77vkVioa0_transcript.txt,Weekly Trade Recap February 5th-9th (trade-reviews),67204
482,3.6,3,4,7kajZjCStT8_transcript.txt,February 8th Weekly Recap (trade-reviews),118333
483,3.6,3,4,BNwbqW_jTsM_transcript.txt,December 2nd Trade Review ($2k AAPL + TSLA) (trade-reviews),9495
484,3.6,3,4,Bx1QOVEbObg_transcript.txt,May 24th Weekly Recap (trade-reviews),127413
485,3.6,3,4,Ir1iKYmgXm4_transcript.txt,May 17th Weekly Recap (trade-reviews),104966
486,3.6,3,4,MT5WOn4O0cw_transcript.txt,June 14th Weekly Recap (trade-reviews),107979
487,3.6,3,4,T1ASztwyFcg_transcript.txt,March 29th Weekly Recap (trade-reviews),107602
488,3.6,3,4,_Eq6a6LSl9A_transcript.txt,April 4th Trade Review (trade-reviews),19078
489,3.6,3,4,_QNeb-S9xv0_transcript.txt,July 5th Weekly Recap (trade-reviews),95911
490,3.6,3,4,jEPb9-WmnxM_transcript.txt,February 17th Trade Review (trade-reviews),3647
491,3.6,3,4,pcLXG7B0XTU_transcript.txt,February 22nd Weekly Recap (trade-reviews),121953
492,3.6,3,4,pdrqsVrNO-A_transcript.txt,April 18th Trade Review ($2.3k AMD) (trade-reviews),7321
493,3.6,0,6,0dBiWH0sL88_transcript.txt,December 10th Live Session (live-sessions),23750
494,3.6,0,6,3zSlAPV3eiU_transcript.txt,Weekly Trading Recap August 31st (trade-reviews),37193
495,3.6,0,6,9R4ttrex5JU_transcript.txt,Live Trading Session February 9th (live-sessions),64489
496,3.6,0,6,D6hy47x1IuY_transcript.txt,December 9th Live Session (live-sessions),23749
497,3.6,0,6,E1AvGvmQGQQ_transcript.txt,Live Trading Session January 16th (live-sessions),42642
498,3.6,0,6,IHK5ncJ6ZJA_transcript.txt,Live Trading Session January 23rd (live-sessions),41375
499,3.6,0,6,IILhpjMYUU0_transcript.txt,December 11th Live Session (live-sessions),84114
500,3.6,0,6,MC0fw3ThEwc_transcript.txt,August 19th Live Session (live-sessions),73846
501,3.6,0,6,UYkA07AJvl4_transcript.txt,Live Trading Session January 30th (live-sessions),35144
502,3.6,0,6,aqdT0BoxDYc_transcript.txt,August 12th Live Session (live-sessions),69946
503,3.6,0,6,bTrVyhrR2NM_transcript.txt,Live Trading Session May 8th (live-sessions),121198
504,3.6,0,6,fkLwQuAYRdg_transcript.txt,Live Trading Session April 12th (live-sessions),56621
505,3.6,0,6,sz2koeG49ro_transcript.txt,November 12th Live Session (live-sessions),64003
506,3.0,0,5,0fE8zvzzVZE_transcript.txt,May 20th Live Session (live-sessions),87218
507,3.0,0,5,1OIT9r8aQnk_transcript.txt,April 3rd Live Session (live-sessions),90703
508,3.0,0,5,5b2x_fxKlw0_transcript.txt,November 19th Live Session (live-sessions),56344
509,3.0,0,5,IUYuTESK93E_transcript.txt,[3s] all right so yeah coming into this,78219
510,3.0,0,5,_4zHS1F0jWU_transcript.txt,October 3rd Live Session (live-sessions),69767
511,3.0,0,5,q13dqcZixCA_transcript.txt,[1s] uh mik sorry Zoom is good as,76944
512,3.0,0,5,q55Z5_XWiHk_transcript.txt,November 22nd Live Session (live-sessions),56485
513,3.0,3,3,V3Pc9Vexfxs_transcript.txt,March 22nd Weekly Recap (trade-reviews),108682
514,3.0,3,3,VWWmFQYbJ7c_transcript.txt,April 12th Weekly Recap (trade-reviews),100331
515,3.0,3,3,qESz1CN7oxw_transcript.txt,Sept19th Trade Review (trade-reviews),6134
516,3.0,3,3,rJZlRxDSz5o_transcript.txt,Dec 28 Trade Review (trade-reviews),5119
517,2.4,3,2,-_Q_BlPhjhU_transcript.txt,December Trade Review ($4.5k TSLA) (trade-reviews),10856
518,2.4,3,2,BLy0H8AqtCs_transcript.txt,February 15th Trade Review (trade-reviews),6097
519,2.4,3,2,DUHq2dJePIM_transcript.txt,February 15th Weekly Recap (trade-reviews),106229
520,2.4,3,2,NFIrJj3VrgE_transcript.txt,May 21st Trade Review ($5.2K TSLA) (trade-reviews),8863
521,2.4,3,2,TKSS_xe0tqc_transcript.txt,April 5th Weekly Recap (trade-reviews),129332
522,2.4,3,2,VVwVqEsuCKA_transcript.txt,BIGGEST TRADE EVER. November 6th Trade Review ($108k TSLA) (trade-reviews),14093
523,2.4,3,2,WV1WsVPahQQ_transcript.txt,Weekly Trade Recap January 22nd-26th (trade-reviews),26749
524,2.4,0,4,FF4SsAn19go_transcript.txt,October 19th Weekly Trading Recap (trade-reviews),119058
525,2.4,0,4,IM8bUPEeYPk_transcript.txt,September 20th Live Session (live-sessions),72517
526,2.4,0,4,JzUqD3hK9HY_transcript.txt,September 30th Live Session (live-sessions),69809
527,2.4,0,4,WBR9gJ3-16g_transcript.txt,August 29th Live Session (live-sessions),48196
528,2.4,0,4,YO3V7Acad38_transcript.txt,October 2nd Live Session (live-sessions),48681
529,2.4,0,4,ZiU4HVCpo10_transcript.txt,[0s] I've been trading for the past 7 years,33599
530,2.4,0,4,aJMXM67Kq7A_transcript.txt,August 26th Live Session (live-sessions),124216
531,2.4,0,4,pFjKyYfP2Tg_transcript.txt,August 22nd Live Session (live-sessions),93670
532,2.4,0,4,xBtkUAYv1uw_transcript.txt,September 26th Live Session (live-sessions),84798
533,1.8,3,1,GxBUIXNS3aA_transcript.txt,December 6th Trade Review ($26k TSLA + NVDA) (trade-reviews),13475
534,1.8,3,1,JB61SBv4Syw_transcript.txt,May 10th Weekly Recap (trade-reviews),88077
535,1.8,3,1,c27JuWwoYvo_transcript.txt,August 27th Trade Review ($1.2k AMZN) (trade-reviews),6703
536,1.8,0,3,1qiR5N75QoM_transcript.txt,October 1st Live Session (live-sessions),87539
537,1.8,0,3,98JRrWRQNMU_transcript.txt,0917 Live Session (live-sessions),95881
538,1.8,0,3,DGdogTO-paI_transcript.txt,May 29th Live Session (live-sessions),93639
539,1.8,0,3,FEmD-hK1-yU_transcript.txt,"[0s] In this video, I'm going to show you an",21071
540,1.8,0,3,JWRWP9ke2sY_transcript.txt,"[0s] For the last 7 years, I've been trading",21816
541,1.8,0,3,VesUpLmHCcw_transcript.txt,November 27th Live Session (live-sessions),44590
542,1.8,0,3,f7YCp2R7Dgc_transcript.txt,[3s] all,70472
543,1.8,0,3,qJITmh_y2uU_transcript.txt,April 8th Live Session (live-sessions),58198
544,1.2,3,0,0qxxsCC-8kI_transcript.txt,May 30th Trade Review (TSLA $17k) (trade-reviews),9668
545,1.2,3,0,AjdBNs8qY7c_transcript.txt,August 16th Weekly Recap (trade-reviews),91385
546,1.2,3,0,b6IBPdLlLZE_transcript.txt,Weekly Trade Recap May 17th (trade-reviews),37511
547,1.2,3,0,mit6szJg9Xs_transcript.txt,October 26th Weekly Recap (trade-reviews),159675
548,1.2,3,0,ob__lOXP0QM_transcript.txt,March 1st Weekly Recap (trade-reviews),143024
549,1.2,0,2,bOSitTjlRjA_transcript.txt,Live Trading Session March 1st (live-sessions),56047
550,1.2,0,2,dN3uJoEpixw_transcript.txt,April 30th Live Session (live-sessions),67896
551,1.2,0,2,xJ521HB06gg_transcript.txt,Weekly Trading Recap August 2nd (trade-reviews),86697
552,0.6,0,1,9Odu5EOUwjk_transcript.txt,[3s] zoom's good seems like the Discord so,60362
553,0.6,0,1,MU2FECBI6jQ_transcript.txt,Weekly Trading Recap November 30th (trade-reviews),44828
554,0.6,0,1,TwagTSTn0WM_transcript.txt,October 15th Live Session (live-sessions),41762
555,0.0,0,0,92E4rnrCewE_transcript.txt,July 20th Weekly Trading Recap (trade-reviews),177369
556,0.0,0,0,EIIiEtAEm3s_transcript.txt,"[0s] Trading isn't the problem, you're the",25116
557,0.0,0,0,qjItmSl400E_transcript.txt,April 18th Q&A Session (trade-reviews),102135
558,0.0,0,0,rVY1SCtG3J0_transcript.txt,Weekly Trading Recap February 1st (trade-reviews),129032
